{"files":{"web\\index.html":{"frameworks":["Tivo Free Website Template - Free-CSS.com","pg.insight.events","pg.asset.manager","pg.css.grid","pg.project.items","pg.image.overlay","pg.code-validator","bs4","pg.html","pg.components"],"last_page_width":1024}},"breakpoints":["300px","576px","768px","800px","900px","992px","1200px"],"frameworks":["Tivo Free Website Template - Free-CSS.com","pg.insight.events","pg.asset.manager","pg.css.grid","pg.project.items","pg.image.overlay","pg.code-validator","bs4","pg.html","pg.components"]}